{
    "规则名": "快看切片",
    "规则作者": "乌贼",
    "请求头参数": "手机",
    "网页编码格式": "UTF-8",
    "图片是否需要代理": "0",
    "是否开启获取首页数据": "1",
    "首页推荐链接": "https://www.kuaikanzy.net",
    "首页列表数组规则": "body&&.stui-vodlist&&.clearfix&&h3",
    "首页片单列表数组规则": "a",
    "首页片单是否Jsoup写法": "1",
    "首页片单标题": "a&&title",
    "首页片单链接": "a&&href",
    "首页片单图片": "",
    "首页片单副标题": "em&&Text",
    "首页片单链接加前缀": "https://www.kuaikanzy.net",
    "首页片单链接加后缀": "",
	
    "分类起始页码": "1",
    "分类链接": "https://www.kuaikanzy.net/index.php/vod/type/id/{cateId}/page/{catePg}.html",
    "分类名称": "电影&电视剧&动漫&综艺",
    "分类名称替换词": "1&2&4&3",
	
    "筛选子分类名称": "动作片&喜剧片&科幻片&恐怖片&爱情片&剧情片&战争片&悬疑片&经典片||国产剧&欧美剧&港台剧&韩国剧&日本剧&新马剧&海外剧&泰国剧&其他剧||国产动漫&日韩动漫&欧美动漫&港台动漫&新马动漫||大陆综艺&港台综艺&日本综艺&欧美综艺",
    "筛选子分类替换词": "22&25&35&27&33&21&30&28&36||38&39&43&62&40&45&63&42&46||57&55&54&59&58||50&52&48&47",
    //{class}
    "筛选类型名称": "",
    "筛选类型替换词": "*",
    //{area}
    "筛选地区名称": "",
    "筛选地区替换词": "*",
    //{year}
    "筛选年份名称": "",
    "筛选年份替换词": "*",
    //{lang}
    "筛选语言名称": "",
    "筛选语言替换词": "*",
    //{by}
    "筛选排序名称": "时间&人气&评分",
    "筛选排序替换词": "time&hits&score",
	
    "分类截取模式": "1",
    "分类列表数组规则": ".stui-vodlist&&.clearfix&&h3",
    "分类片单是否Jsoup写法": "1",
    "分类片单标题": "a&&title",
    "分类片单链接": "a&&href",
    "分类片单图片": "",
    "分类片单副标题": "em&&Text",
    "分类片单链接加前缀": "https://www.kuaikanzy.net",
    "分类片单链接加后缀": "",
	
    "搜索请求头参数": "User-Agent$手机",
    "搜索链接": "https://www.kuaikanzy.net/index.php/vod/search.html?wd={wd}",
    "搜索截取模式": "1",
    "搜索列表数组规则": ".stui-vodlist&&.clearfix&&h3",
    "搜索片单是否Jsoup写法": "1",
    "搜索片单图片": "",
    "搜索片单标题": "a&&title",
    "搜索片单链接": "a&&href",
    "搜索片单副标题": "em&&Text",
    "搜索片单链接加前缀": "https://www.kuaikanzy.net",
    "搜索片单链接加后缀": "",
    "链接是否直接播放": "2",
    "直接播放链接加前缀": "",
    "直接播放链接加后缀": "",
    "直接播放直链视频请求头": "",
	
    "详情是否Jsoup写法": "1",
    "封面详情": ".stui-content__thumb&&img&&src",
    "类型详情": "",
    "年代详情": "",
    "地区详情": "",
    "演员详情": "body&&p:contains(主演：)&&Text!主演：",
    "简介详情": ".stui-content__desc&&Text",
    //"线路列表数组规则": "body&&h3:not(:contains(剧情))",
	"线路列表数组规则": "body&&div[id=playlist]",
    "线路标题": "h3&&Text!播放类型：[排序:m3u8,云]",
    "播放列表数组规则": "body&&.stui-content__playlist",
    "选集列表数组规则": "input[value]",
    "选集标题链接是否Jsoup写法": "1",
    "选集标题": "input&&value",
    "选集链接": "input&&value",
    "选集链接加前缀": "",
    "选集链接加后缀": "",
    "分析MacPlayer": "0",
    "是否开启手动嗅探": "0",
    "手动嗅探视频链接关键词": ".mp4#.m3u8#.flv",
    "手动嗅探视频链接过滤词": ".html#=http"
}