{
    "规则名": "骚火电影",
    "规则作者": "乌贼",
    "请求头参数": "手机",
    "网页编码格式": "UTF-8",
    "图片是否需要代理": "0",
    "是否开启获取首页数据": "1",
    "首页推荐链接": "https://saohuo.us/",
    "首页列表数组规则": "body&&.v_list&&li",
    "首页片单列表数组规则": "a",
    "首页片单是否Jsoup写法": "1",
    "首页片单标题": "a&&title",
    "首页片单链接": "a&&href",
    "首页片单图片": ".lazyload&&data-original",
    "首页片单副标题": ".v_note&&Text",
    "首页片单链接加前缀": "https://saohuo.us/",
    "首页片单链接加后缀": "",
	
    "分类起始页码": "1",
    "分类链接": "https://saohuo.us/list/{cateId}-{catePg}.html",
    "分类名称": "电影&电视剧&动漫",
    "分类名称替换词": "1&2&4",
    "分类截取模式": "1",
    "分类列表数组规则": ".v_list&&li",
    "分类片单是否Jsoup写法": "1",
    "分类片单标题": "a&&title",
    "分类片单链接": "a&&href",
    "分类片单图片": ".lazyload&&data-original",
    "分类片单副标题": ".v_note&&Text",
    "分类片单链接加前缀": "https://saohuo.us/",
    "分类片单链接加后缀": "",
	
    "搜索请求头参数": "User-Agent$手机",
    "搜索链接": "https://saohuo.us/search.php?searchword={wd}",
    "搜索截取模式": "1",
    "搜索列表数组规则": ".v_list&&li",
    "搜索片单是否Jsoup写法": "1",
    "搜索片单图片": ".lazyload&&data-original",
    "搜索片单标题": "a&&title",
    "搜索片单链接": "a&&href",
    "搜索片单副标题": ".v_note&&Text",
    "搜索片单链接加前缀": "https://saohuo.us/",
    "搜索片单链接加后缀": "",
    "链接是否直接播放": "0",
    "直接播放链接加前缀": "",
    "直接播放链接加后缀": "",
    "直接播放直链视频请求头": "",
	
    "详情是否Jsoup写法": "1",
    "封面详情": ".m_background&&style",
    "类型详情": "",
    "年代详情": "",
    "地区详情": "",
    "演员详情": ".v_info_box&&p&&Text",
    "简介详情": ".p_txt.show_part&&Text",
	"线路列表数组规则": "ul[class=from_list]&&li",
    "线路标题": "li&&Text[排序:1,2,3,4]",
    "播放列表数组规则": "body&&ul[id=play_link]&&li",
    "选集列表数组规则": "a",
    "选集标题链接是否Jsoup写法": "1",
    "选集标题": "a&&title",
    "选集链接": "a&&href",
	"是否反转选集序列": "1",
    "选集链接加前缀": "http://wuzei.serv00.net/m3u8/sao.php?url=https://saohuo.us/",
    "选集链接加后缀": "",
    "分析MacPlayer": "0",
    "是否开启手动嗅探": "0",
    "手动嗅探视频链接关键词": ".mp4#.m3u8#.flv",
    "手动嗅探视频链接过滤词": ".html#=http"
}